Title,Description,Sub-Keywords
Accountability,"In organizations where accountability is paramount, employees embody ownership of their roles and are answerable for their actions. This culture ensures that individuals are dependable and consistent in their work, fostering an environment where trustworthiness and reliability are the norms.","Ownership, Responsibility, Answerability, Dependability, Consistency, Trustworthiness, Reliability"
Adaptability,"Adaptability in a corporate setting is characterized by an eagerness to embrace change and a versatile approach to challenges. Employees are flexible and open-minded, receptive to diverse ideas and feedback. Such organizations value resilience, toughness, and the fortitude to adapt to adversity with tolerance and patience.","Embracing Change, Versatility, Flexibility, Open-mindedness, Receptivity, Acceptance of Diverse Ideas, Openness to Feedback, Resilience, Toughness, Fortitude, Adaptability to Adversity, Tolerance, Endurance, Steadfastness, Patience"
Agility,"Companies that prioritize agility promote a culture of flexibility and nimbleness, enabling rapid adaptation to market shifts and opportunities. Agility is manifested through a workforce that is quick to respond and able to pivot strategies or processes to meet evolving demands.","Flexibility, Nimbleness, Quick to Adapt"
Authenticity,"Authenticity in the workplace is about fostering sincerity and genuineness, where honesty prevails in communications and actions. It's a culture where individuals can openly express vulnerability and candidness, supported by a transparent leadership that values humility and clarity in its mission and operations.","Sincerity, Genuineness, Honesty, Humility, Clarity, Openness, Candor, Transparency, Vulnerability, Candidness"
Care,"Care within an organization manifests as a deep-rooted compassion and sensitivity toward employee and client needs. It's an empathetic approach that seeks harmony and balance, ensuring the well-being of all stakeholders and promoting a peaceful work-life equilibrium.","Compassion, Caring, Sensitivity, Empathy, Harmony, Equilibrium, Well-being, Work-Life Balance, Peacefulness, Concord, Balance"
Collaboration,"Collaboration is the cornerstone of a culture where cooperation and synergy are essential. Itâ€™s where coaching, guidance, and support are readily available, and teamwork is celebrated. Unity and a shared purpose guide collaborative efforts, driving towards collective success and solidarity in achieving organizational goals.","Cooperation, Synergy, Coaching, Guidance, Support, Mentorship, Teamwork, Unity, Shared Purpose, Shared Goals, Solidarity, Team Unity, Collective Success"
Communication,"Effective communication is a hallmark of companies that prioritize clear, open, and respectful dialogue. Transparency is not just a policy but a practice that ensures every stakeholder is informed and engaged, with civility and dignity at the forefront of all interactions.","Transparency, Clarity, Openness, Politeness, Consideration, Civility, Dignity, Respectfulness"
Courage,"In an organization that values courage, employees and leaders display boldness and fearlessness in facing challenges. It's an environment that empowers and encourages individuals to act with conviction and autonomy, fostering a culture where taking calculated risks is supported.","Boldness, Fearlessness, Conviction, Empowering, Encouraging, Enablement, Autonomy"
Customer Focus,A strong customer focus is about striving for excellence and maintaining high standards to ensure superior product and service quality. Organizations with this focus are dedicated to achieving the highest level of customer satisfaction as a measure of success.,"Excellence, High Standards, Superiority, Quality, Product Quality, Service Quality, Customer Satisfaction"
Entrepreneurship,"Entrepreneurship in a corporate context refers to a proactiveness and resourcefulness that is pervasive among employees. It's an initiative-taking, forward-thinking approach that anticipates future trends and prepares the organization to meet emerging challenges and opportunities head-on.","Proactiveness, Resourcefulness, Initiative, Entrepreneur Mindset, Forward-Thinking, Anticipation, Preparedness"
Ethical & Professional Responsibility,"Ethical and professional responsibility encompasses a commitment to integrity, honesty, and ethical conduct. It is the moral backbone of an organization, ensuring diligence and adherence to professional standards. Such values underscore the importance of corporate citizenship, social responsibility, and a dedication to legal compliance and business ethics.","Integrity, Honesty, Ethical Conduct, Morality, Diligence, Professionalism, Strong Work Habits, Work Ethic, Corporate Citizenship, Social Responsibility, Community Involvement, Legal Compliance, Professional Standards, Business Ethics, Transparency, Fairness, Security & Safety, Risk Management, Zero-harm"
Global Perspective,Organizations with a global perspective embrace internationalism and cultural sensitivity. They recognize the value of worldwide integration and seek to understand and operate effectively across diverse cultural landscapes.,"Global Perspective, Internationalism, Cultural Sensitivity, Worldwide Integration"
Diversity & Inclusion,"Diversity and inclusion represent a commitment to creating an environment where belongingness and acceptance are paramount. It's a recognition of the strength that comes from embracing diversity and inclusivity, ensuring that a variety of perspectives are not only heard but also valued.","Belongingness, Acceptance, Embrace Diversity, Openness to Different Perspectives, Inclusiveness, DEI, DIB, Inclusivity"
Innovation,"Innovation is about being on the cutting edge and leading change. It's a forward-thinking mentality that continually seeks to develop new products and services. In innovative cultures, employees are change-makers, and groundbreaking ideas are nurtured and brought to fruition.","Cutting Edge, Change Leaders, Forward-Thinking, New Products & Services, Future-Forward, Change-Maker, Ground Breaking"
Learning,"A culture of learning is predicated on continuous improvement and the development of its workforce. It's an environment that encourages acquiring knowledge, learning from mistakes, and maintaining an inquisitive and curious mindset towards personal and professional growth.","Continuous Improvement, Development, Acquiring Knowledge, Learning from Mistakes, Inquisitiveness, Exploration, Openness to Learning, Curious Minds, Hunger for Learn, Curiosity"
Loyalty,Loyalty within a company is reflected in the unwavering commitment and fidelity of its employees. It's an engagement with the company's mission that inspires dedication and a sense of belonging.,"Commitment, Fidelity, Engagement"
Performance,"Performance-driven cultures are characterized by a pursuit of mastery and outstanding execution. Employees are ambitious and driven, aspiring for business excellence. Dedication and determination are key, with a focus on result-oriented and goal-oriented achievements.","Mastery, Outstanding, Meticulous Execution, Execution, Business Excellence, Ambition, Drive, Aspiration, Determination, Dedication, Striving, Result Oriented, Goal Oriented"
Recognition,"Recognition is about expressing thankfulness and acknowledgment for the hard work and achievements of employees. It's a culture that values gratitude and celebrates success, big and small.","Thankfulness, Acknowledgment, Gratitude, Celebrating Success"
Sustainability,Sustainability is the practice of environmental responsibility and social consciousness. Companies committed to sustainability focus on eco-friendly initiatives that lift society and contribute to the health of the planet for future generations.,"Environmental Responsibility, Social Consciousness, Eco-Friendly, Society Lifting"
Trust,Trust is the foundation of a secure and protected work environment where confidence and credibility are paramount. It is built on assurance and a commitment to safety in all aspects of the business.,"Security, Protection, Confidence, Credibility, Assurance, Safety"